hour, minute, second, azimuth angle (relative to west=0)/degree, elevation angle/degree, power/mW
9,45,5,0,0,32
9,45,9,0,15,879
9,45,12,0,30,34
9,45,15,0,45,35
9,45,18,0,60,51
9,45,21,0,75,76
9,45,24,0,90,3983
9,45,27,18,0,20
9,45,32,18,15,22
9,45,35,18,30,945
9,45,38,18,45,4168
9,45,41,18,60,1786
9,45,44,18,75,61
9,45,47,18,90,1270
9,45,50,36,0,16
9,45,55,36,15,20
9,45,58,36,30,32
9,46,1,36,45,36
9,46,4,36,60,44
9,46,7,36,75,920
9,46,10,36,90,964
9,46,13,54,0,902
9,46,18,54,15,132
9,46,21,54,30,135
9,46,24,54,45,135
9,46,27,54,60,126
9,46,30,54,75,111
9,46,33,54,90,93
9,46,36,72,0,129
9,46,41,72,15,130
9,46,44,72,30,139
9,46,47,72,45,133
9,46,50,72,60,126
9,46,53,72,75,112
9,46,56,72,90,3931
9,46,59,90,0,109
9,47,4,90,15,119
9,47,7,90,30,130
9,47,10,90,45,128
9,47,13,90,60,127
9,47,16,90,75,100
9,47,19,90,90,89
9,47,22,108,0,91
9,47,27,108,15,93
9,47,30,108,30,102
9,47,33,108,45,103
9,47,36,108,60,103
9,47,39,108,75,92
9,47,42,108,90,95
9,47,45,126,0,77
9,47,50,126,15,80
9,47,53,126,30,84
9,47,56,126,45,95
9,47,59,126,60,103
9,48,2,126,75,113
9,48,5,126,90,115
9,48,8,144,0,70
9,48,13,144,15,66
9,48,16,144,30,67
9,48,19,144,45,68
9,48,22,144,60,73
9,48,25,144,75,78
9,48,28,144,90,97
9,48,31,162,0,66
9,48,36,162,15,60
9,48,39,162,30,65
9,48,42,162,45,62
9,48,45,162,60,70
9,48,48,162,75,75
9,48,51,162,90,98
9,48,54,180,0,61
9,48,59,180,15,57
9,49,2,180,30,51
9,49,5,180,45,47
9,49,8,180,60,56
9,49,11,180,75,70
9,49,14,180,90,100
9,54,29,0,0,122
9,54,33,0,15,125
9,54,36,0,30,129
9,54,39,0,45,126
9,54,42,0,60,119
9,54,44,0,75,114
9,54,47,0,90,98
9,54,50,18,0,136
9,54,55,18,15,139
9,54,58,18,30,143
9,55,1,18,45,136
9,55,4,18,60,128
9,55,7,18,75,114
9,55,10,18,90,95
9,55,13,36,0,137
9,55,18,36,15,144
9,55,21,36,30,148
9,55,27,36,60,0
9,55,30,36,75,114
9,55,33,36,90,94
9,55,36,54,0,135
9,55,41,54,15,142
9,55,44,54,30,148
9,55,47,54,45,142
9,55,50,54,60,134
9,55,53,54,75,112
9,55,56,54,90,100
9,55,59,72,0,134
9,56,4,72,15,136
9,56,7,72,30,140
9,56,10,72,45,143
9,56,13,72,60,135
9,56,16,72,75,115
9,56,19,72,90,97
9,56,22,90,0,114
9,56,27,90,15,120
9,56,30,90,30,124
9,56,33,90,45,120
9,56,36,90,60,116
9,56,39,90,75,106
9,56,42,90,90,94
9,56,45,108,0,93
9,56,50,108,15,99
9,56,53,108,30,103
9,56,56,108,45,105
9,56,59,108,60,105
9,57,2,108,75,98
9,57,5,108,90,0
9,57,19,126,45,0
9,57,22,126,60,80
9,57,25,126,75,86
9,57,28,126,90,89
9,57,31,144,0,60
9,57,36,144,15,56
9,57,39,144,30,58
9,57,42,144,45,56
9,57,45,144,60,63
9,57,48,144,75,72
9,57,51,144,90,88
9,57,54,162,0,54
9,57,59,162,15,50
9,58,2,162,30,51
9,58,5,162,45,48
9,58,8,162,60,50
9,58,11,162,75,67
9,58,14,162,90,90
9,58,17,180,0,48
9,58,22,180,15,50
9,58,25,180,30,49
9,58,28,180,45,48
9,58,31,180,60,47
9,58,34,180,75,61
9,58,37,180,90,93
10,3,52,0,0,168
10,3,56,0,15,180
10,3,59,0,30,179
10,4,2,0,45,174
10,4,5,0,60,167
10,4,8,0,75,152
10,4,11,0,90,129
10,4,14,18,0,189
10,4,19,18,15,194
10,4,22,18,30,197
10,4,25,18,45,188
10,4,27,18,60,177
10,4,30,18,75,155
10,4,33,18,90,128
10,4,36,36,0,189
10,4,41,36,15,194
10,4,44,36,30,197
10,4,47,36,45,192
10,4,50,36,60,180
10,4,53,36,75,160
10,4,56,36,90,128
10,4,59,54,0,189
10,5,4,54,15,194
10,5,7,54,30,195
10,5,10,54,45,192
10,5,13,54,60,179
10,5,16,54,75,159
10,5,19,54,90,129
10,5,22,72,0,182
10,5,27,72,15,190
10,5,30,72,30,196
10,5,33,72,45,197
10,5,36,72,60,188
10,5,39,72,75,172
10,5,42,72,90,145
10,5,45,90,0,203
10,5,50,90,15,222
10,5,53,90,30,224
10,5,56,90,45,214
10,5,59,90,60,201
10,6,2,90,75,184
10,6,5,90,90,152
10,6,8,108,0,152
10,6,13,108,15,164
10,6,16,108,30,177
10,6,19,108,45,173
10,6,22,108,60,156
10,6,25,108,75,141
10,6,28,108,90,126
10,6,31,126,0,89
10,6,36,126,15,92
10,6,39,126,30,103
10,6,42,126,45,113
10,6,45,126,60,125
10,6,48,126,75,128
10,6,51,126,90,129
10,6,54,144,0,88
10,6,59,144,15,88
10,7,2,144,30,91
10,7,5,144,45,93
10,7,8,144,60,114
10,7,11,144,75,129
10,7,14,144,90,137
10,7,17,162,0,82
10,7,22,162,15,80
10,7,25,162,30,78
10,7,28,162,45,75
10,7,31,162,60,82
10,7,34,162,75,98
10,7,37,162,90,130
10,7,40,180,0,81
10,7,45,180,15,77
10,7,48,180,30,74
10,7,51,180,45,70
10,7,54,180,60,77
10,7,57,180,75,90
10,8,0,180,90,121
10,13,15,0,0,216
10,13,19,0,15,207
10,13,22,0,30,202
10,13,25,0,45,206
10,13,28,0,60,203
10,13,31,0,75,194
10,13,34,0,90,167
10,13,37,18,0,294
10,13,42,18,15,321
10,13,45,18,30,319
10,13,48,18,45,299
10,13,51,18,60,267
10,13,54,18,75,230
10,13,57,18,90,178
10,14,0,36,0,317
10,14,5,36,15,331
10,14,7,36,30,335
10,14,10,36,45,332
10,14,13,36,60,312
10,14,16,36,75,263
10,14,19,36,90,184
10,14,22,54,0,254
10,14,27,54,15,240
10,14,30,54,30,222
10,14,33,54,45,203
10,14,36,54,60,186
10,14,39,54,75,168
10,14,42,54,90,137
10,14,45,72,0,192
10,14,50,72,15,197
10,14,53,72,30,199
10,14,56,72,45,191
10,14,59,72,60,176
10,15,2,72,75,154
10,15,5,72,90,126
10,15,8,90,0,156
10,15,13,90,15,161
10,15,16,90,30,165
10,15,19,90,45,163
10,15,22,90,60,157
10,15,25,90,75,146
10,15,28,90,90,126
10,15,31,108,0,126
10,15,36,108,15,131
10,15,39,108,30,138
10,15,42,108,45,141
10,15,45,108,60,141
10,15,48,108,75,140
10,15,51,108,90,133
10,15,54,126,0,99
10,15,59,126,15,98
10,16,2,126,30,104
10,16,5,126,45,110
10,16,8,126,60,118
10,16,11,126,75,121
10,16,14,126,90,123
10,16,17,144,0,80
10,16,22,144,15,79
10,16,25,144,30,79
10,16,28,144,45,82
10,16,31,144,60,95
10,16,34,144,75,105
10,16,37,144,90,117
10,16,40,162,0,70
10,16,45,162,15,72
10,16,48,162,30,72
10,16,51,162,45,70
10,16,54,162,60,80
10,16,57,162,75,100
10,17,0,162,90,124
10,17,3,180,0,74
10,17,8,180,15,67
10,17,11,180,30,66
10,17,14,180,45,63
10,17,17,180,60,66
10,17,20,180,75,82
10,17,23,180,90,114
10,22,38,0,0,168
10,22,42,0,15,181
10,22,45,0,30,178
10,22,48,0,45,171
10,22,51,0,60,163
10,22,54,0,75,150
10,22,57,0,90,129
10,23,0,18,0,186
10,23,5,18,15,196
10,23,8,18,30,196
10,23,11,18,45,189
10,23,14,18,60,176
10,23,17,18,75,154
10,23,20,18,90,126
10,23,23,36,0,190
10,23,28,36,15,200
10,23,31,36,30,203
10,23,34,36,45,203
10,23,37,36,60,194
10,23,40,36,75,169
10,23,43,36,90,132
10,23,46,54,0,197
10,23,50,54,15,199
10,23,53,54,30,192
10,23,56,54,45,183
10,23,59,54,60,170
10,24,2,54,75,146
10,24,5,54,90,116
10,24,8,72,0,165
10,24,13,72,15,171
10,24,16,72,30,173
10,24,19,72,45,168
10,24,22,72,60,161
10,24,25,72,75,150
10,24,28,72,90,126
10,24,31,90,0,163
10,24,36,90,15,164
10,24,39,90,30,164
10,24,42,90,45,160
10,24,45,90,60,151
10,24,48,90,75,131
10,24,51,90,90,111
10,24,54,108,0,119
10,24,59,108,15,129
10,25,2,108,30,140
10,25,5,108,45,144
10,25,8,108,60,138
10,25,11,108,75,126
10,25,14,108,90,113
10,25,17,126,0,89
10,25,22,126,15,93
10,25,25,126,30,98
10,25,28,126,45,100
10,25,31,126,60,105
10,25,34,126,75,105
10,25,37,126,90,106
10,25,40,144,0,72
10,25,45,144,15,72
10,25,48,144,30,73
10,25,51,144,45,77
10,25,54,144,60,86
10,25,57,144,75,96
10,26,0,144,90,106
10,26,3,162,0,66
10,26,8,162,15,64
10,26,11,162,30,62
10,26,14,162,45,62
10,26,17,162,60,71
10,26,20,162,75,87
10,26,23,162,90,110
10,26,26,180,0,62
10,26,31,180,15,60
10,26,34,180,30,58
10,26,37,180,45,56
10,26,40,180,60,61
10,26,43,180,75,76
10,26,46,180,90,106
10,32,1,0,0,338
10,32,5,0,15,340
10,32,8,0,30,342
10,32,11,0,45,324
10,32,14,0,60,267
10,32,17,0,75,213
10,32,20,0,90,185
10,32,23,18,0,345
10,32,28,18,15,352
10,32,31,18,30,352
10,32,34,18,45,354
10,32,37,18,60,349
10,32,40,18,75,331
10,32,43,18,90,256
10,32,46,36,0,359
10,32,51,36,15,364
10,32,54,36,30,361
10,32,57,36,45,355
10,33,0,36,60,348
10,33,3,36,75,332
10,33,6,36,90,244
10,33,9,54,0,359
10,33,14,54,15,362
10,33,16,54,30,360
10,33,20,54,45,358
10,33,23,54,60,346
10,33,26,54,75,318
10,33,29,54,90,227
10,33,32,72,0,346
10,33,36,72,15,358
10,33,39,72,30,360
10,33,42,72,45,355
10,33,45,72,60,339
10,33,48,72,75,312
10,33,51,72,90,225
10,33,54,90,0,334
10,33,59,90,15,341
10,34,2,90,30,338
10,34,5,90,45,331
10,34,8,90,60,310
10,34,11,90,75,262
10,34,14,90,90,193
10,34,17,108,0,244
10,34,22,108,15,234
10,34,25,108,30,224
10,34,28,108,45,221
10,34,31,108,60,224
10,34,34,108,75,216
10,34,37,108,90,189
10,34,40,126,0,150
10,34,45,126,15,162
10,34,48,126,30,171
10,34,51,126,45,170
10,34,54,126,60,161
10,34,57,126,75,149
10,35,0,126,90,137
10,35,3,144,0,89
10,35,8,144,15,85
10,35,11,144,30,84
10,35,14,144,45,90
10,35,17,144,60,106
10,35,20,144,75,117
10,35,23,144,90,124
10,35,26,162,0,73
10,35,31,162,15,71
10,35,34,162,30,69
10,35,37,162,45,67
10,35,40,162,60,77
10,35,43,162,75,93
10,35,46,162,90,111
10,35,49,180,0,61
10,35,54,180,15,59
10,35,57,180,30,61
10,36,0,180,45,61
10,36,3,180,60,75
10,36,6,180,75,0
10,36,9,180,90,125
10,41,24,0,0,155
10,41,28,0,15,165
10,41,31,0,30,169
10,41,34,0,45,167
10,41,37,0,60,163
10,41,40,0,75,150
10,41,43,0,90,131
10,41,46,18,0,169
10,41,51,18,15,182
10,41,54,18,30,189
10,41,57,18,45,186
10,42,0,18,60,178
10,42,3,18,75,164
10,42,6,18,90,139
10,42,9,36,0,186
10,42,14,36,15,195
10,42,17,36,30,193
10,42,20,36,45,187
10,42,23,36,60,177
10,42,26,36,75,158
10,42,29,36,90,130
10,42,32,54,0,176
10,42,37,54,15,185
10,42,40,54,30,189
10,42,43,54,45,184
10,42,46,54,60,171
10,42,49,54,75,153
10,42,52,54,90,127
10,42,55,72,0,169
10,42,59,72,15,179
10,43,2,72,30,189
10,43,5,72,45,194
10,43,8,72,60,185
10,43,11,72,75,164
10,43,14,72,90,134
10,43,17,90,0,161
10,43,22,90,15,168
10,43,25,90,30,171
10,43,28,90,45,170
10,43,31,90,60,161
10,43,34,90,75,147
10,43,37,90,90,127
10,43,40,108,0,129
10,43,45,108,15,136
10,43,48,108,30,142
10,43,51,108,45,144
10,43,54,108,60,144
10,43,57,108,75,139
10,44,0,108,90,130
10,44,3,126,0,106
10,44,8,126,15,111
10,44,11,126,30,116
10,44,14,126,45,121
10,44,17,126,60,125
10,44,20,126,75,126
10,44,23,126,90,126
10,44,26,144,0,84
10,44,31,144,15,84
10,44,34,144,30,89
10,44,37,144,45,91
10,44,40,144,60,104
10,44,43,144,75,115
10,44,46,144,90,126
10,44,49,162,0,73
10,44,54,162,15,69
10,44,57,162,30,68
10,45,0,162,45,73
10,45,3,162,60,91
10,45,6,162,75,112
10,45,9,162,90,131
10,45,12,180,0,70
10,45,17,180,15,69
10,45,20,180,30,67
10,45,23,180,45,64
10,45,26,180,60,72
10,45,29,180,75,91
10,45,32,180,90,122
10,50,47,0,0,175
10,50,51,0,15,192
10,50,54,0,30,197
10,50,57,0,45,198
10,51,0,0,60,191
10,51,3,0,75,175
10,51,6,0,90,153
10,51,9,18,0,202
10,51,14,18,15,228
10,51,17,18,30,236
10,51,20,18,45,258
10,51,23,18,60,224
10,51,26,18,75,197
10,51,29,18,90,164
10,51,32,36,0,246
10,51,37,36,15,279
10,51,40,36,30,283
10,51,43,36,45,257
10,51,46,36,60,223
10,51,49,36,75,185
10,51,52,36,90,150
10,51,55,54,0,200
10,52,0,54,15,206
10,52,3,54,30,207
10,52,6,54,45,204
10,52,9,54,60,189
10,52,12,54,75,166
10,52,15,54,90,139
10,52,18,72,0,176
10,52,23,72,15,186
10,52,26,72,30,191
10,52,29,72,45,190
10,52,32,72,60,182
10,52,35,72,75,169
10,52,38,72,90,148
10,52,41,90,0,180
10,52,45,90,15,190
10,52,48,90,30,189
10,52,51,90,45,185
10,52,54,90,60,179
10,52,57,90,75,165
10,53,0,90,90,147
10,53,3,108,0,182
10,53,8,108,15,225
10,53,11,108,30,222
10,53,14,108,45,222
10,53,17,108,60,191
10,53,20,108,75,175
10,53,23,108,90,148
10,53,26,126,0,115
10,53,31,126,15,123
10,53,34,126,30,142
10,53,37,126,45,163
10,53,40,126,60,166
10,53,43,126,75,155
10,53,46,126,90,148
10,53,49,144,0,87
10,53,54,144,15,0
10,53,57,144,30,92
10,54,0,144,45,100
10,54,3,144,60,115
10,54,6,144,75,127
10,54,9,144,90,140
10,54,12,162,0,83
10,54,17,162,15,80
10,54,20,162,30,81
10,54,23,162,45,86
10,54,26,162,60,104
10,54,29,162,75,125
10,54,32,162,90,146
10,54,35,180,0,79
10,54,40,180,15,80
10,54,43,180,30,80
10,54,46,180,45,82
10,54,49,180,60,96
10,54,52,180,75,117
10,54,55,180,90,149
11,0,10,0,0,172
11,0,14,0,15,181
11,0,17,0,30,190
11,0,20,0,45,195
11,0,23,0,60,192
11,0,26,0,75,184
11,0,29,0,90,171
11,0,32,18,0,196
11,0,37,18,15,212
11,0,40,18,30,219
11,0,43,18,45,220
11,0,46,18,60,213
11,0,49,18,75,199
11,0,52,18,90,174
11,0,55,36,0,214
11,1,0,36,15,230
11,1,3,36,30,237
11,1,6,36,45,238
11,1,9,36,60,228
11,1,12,36,75,210
11,1,15,36,90,179
11,1,18,54,0,234
11,1,23,54,15,268
11,1,26,54,30,285
11,1,29,54,45,280
11,1,32,54,60,268
11,1,35,54,75,242
11,1,38,54,90,194
11,1,41,72,0,238
11,1,46,72,15,245
11,1,49,72,30,247
11,1,52,72,45,243
11,1,55,72,60,226
11,1,58,72,75,207
11,2,1,72,90,177
11,2,4,90,0,209
11,2,8,90,15,212
11,2,11,90,30,216
11,2,14,90,45,214
11,2,17,90,60,207
11,2,20,90,75,197
11,2,23,90,90,174
11,2,26,108,0,173
11,2,31,108,15,181
11,2,34,108,30,187
11,2,37,108,45,190
11,2,40,108,60,193
11,2,43,108,75,187
11,2,46,108,90,170
11,2,49,126,0,136
11,2,54,126,15,150
11,2,57,126,30,164
11,3,0,126,45,171
11,3,3,126,60,172
11,3,6,126,75,168
11,3,9,126,90,162
11,3,12,144,0,106
11,3,17,144,15,111
11,3,20,144,30,122
11,3,23,144,45,133
11,3,26,144,60,150
11,3,29,144,75,157
11,3,32,144,90,159
11,3,35,162,0,94
11,3,40,162,15,96
11,3,43,162,30,104
11,3,46,162,45,111
11,3,49,162,60,131
11,3,52,162,75,149
11,3,55,162,90,166
11,3,58,180,0,91
11,4,3,180,15,90
11,4,6,180,30,90
11,4,9,180,45,93
11,4,12,180,60,106
11,4,15,180,75,130
11,4,18,180,90,155
11,9,33,0,0,138
11,9,37,0,15,147
11,9,40,0,30,155
11,9,43,0,45,154
11,9,46,0,60,155
11,9,49,0,75,148
11,9,52,0,90,135
11,9,55,18,0,158
11,10,0,18,15,170
11,10,3,18,30,176
11,10,6,18,45,174
11,10,9,18,60,167
11,10,12,18,75,153
11,10,15,18,90,134
11,10,18,36,0,173
11,10,23,36,15,184
11,10,26,36,30,188
11,10,29,36,45,185
11,10,32,36,60,175
11,10,35,36,75,158
11,10,38,36,90,133
11,10,41,54,0,177
11,10,46,54,15,186
11,10,49,54,30,189
11,10,52,54,45,186
11,10,55,54,60,175
11,10,58,54,75,157
11,11,1,54,90,133
11,11,4,72,0,173
11,11,9,72,15,184
11,11,12,72,30,185
11,11,15,72,45,183
11,11,18,72,60,173
11,11,21,72,75,156
11,11,24,72,90,129
11,11,27,90,0,163
11,11,31,90,15,173
11,11,34,90,30,176
11,11,37,90,45,173
11,11,40,90,60,165
11,11,43,90,75,149
11,11,46,90,90,126
11,11,49,108,0,143
11,11,54,108,15,154
11,11,57,108,30,160
11,12,0,108,45,168
11,12,3,108,60,171
11,12,6,108,75,158
11,12,9,108,90,135
11,12,12,126,0,121
11,12,17,126,15,128
11,12,20,126,30,136
11,12,23,126,45,140
11,12,26,126,60,142
11,12,29,126,75,135
11,12,32,126,90,126
11,12,35,144,0,90
11,12,40,144,15,96
11,12,43,144,30,106
11,12,46,144,45,114
11,12,49,144,60,123
11,12,52,144,75,127
11,12,55,144,90,128
11,12,58,162,0,78
11,13,3,162,15,79
11,13,6,162,30,83
11,13,9,162,45,94
11,13,12,162,60,121
11,13,15,162,75,165
11,13,18,162,90,209
11,13,21,180,0,117
11,13,26,180,15,99
11,13,29,180,30,92
11,13,32,180,45,88
11,13,35,180,60,96
11,13,38,180,75,122
11,13,41,180,90,155
11,18,56,0,0,343
11,19,0,0,15,360
11,19,3,0,30,361
11,19,6,0,45,354
11,19,9,0,60,357
11,19,12,0,75,344
11,19,15,0,90,315
11,19,18,18,0,369
11,19,23,18,15,376
11,19,26,18,30,377
11,19,29,18,45,376
11,19,32,18,60,368
11,19,35,18,75,359
11,19,38,18,90,319
11,19,41,36,0,374
11,19,46,36,15,379
11,19,49,36,30,380
11,19,52,36,45,377
11,19,55,36,60,370
11,19,58,36,75,361
11,20,1,36,90,318
11,20,4,54,0,377
11,20,9,54,15,383
11,20,12,54,30,380
11,20,15,54,45,378
11,20,18,54,60,370
11,20,21,54,75,360
11,20,24,54,90,310
11,20,27,72,0,372
11,20,32,72,15,376
11,20,35,72,30,374
11,20,38,72,45,377
11,20,41,72,60,370
11,20,44,72,75,353
11,20,47,72,90,297
11,20,50,90,0,361
11,20,55,90,15,366
11,20,58,90,30,367
11,21,1,90,45,364
11,21,4,90,60,358
11,21,7,90,75,340
11,21,10,90,90,283
11,21,13,108,0,334
11,21,18,108,15,344
11,21,20,108,30,348
11,21,23,108,45,347
11,21,27,108,60,342
11,21,30,108,75,324
11,21,32,108,90,269
11,21,35,126,0,267
11,21,40,126,15,291
11,21,43,126,30,312
11,21,46,126,45,322
11,21,49,126,60,317
11,21,52,126,75,299
11,21,55,126,90,259
11,21,58,144,0,154
11,22,3,144,15,174
11,22,6,144,30,203
11,22,9,144,45,236
11,22,12,144,60,257
11,22,15,144,75,263
11,22,18,144,90,253
11,22,21,162,0,134
11,22,26,162,15,128
11,22,29,162,30,123
11,22,32,162,45,143
11,22,35,162,60,182
11,22,38,162,75,223
11,22,41,162,90,249
11,22,44,180,0,129
11,22,49,180,15,122
11,22,52,180,30,116
11,22,55,180,45,111
11,22,58,180,60,129
11,23,1,180,75,183
11,23,4,180,90,250
11,28,19,0,0,320
11,28,23,0,15,337
11,28,26,0,30,335
11,28,29,0,45,331
11,28,32,0,60,313
11,28,35,0,75,280
11,28,38,0,90,228
11,28,41,18,0,305
11,28,46,18,15,342
11,28,49,18,30,362
11,28,52,18,45,366
11,28,55,18,60,353
11,28,58,18,75,314
11,29,1,18,90,223
11,29,4,36,0,274
11,29,9,36,15,285
11,29,12,36,30,278
11,29,15,36,45,282
11,29,18,36,60,302
11,29,21,36,75,296
11,29,24,36,90,229
11,29,27,54,0,355
11,29,32,54,15,371
11,29,35,54,30,381
11,29,38,54,45,380
11,29,41,54,60,376
11,29,44,54,75,365
11,29,47,54,90,317
11,29,50,72,0,379
11,29,55,72,15,382
11,29,58,72,30,385
11,30,1,72,45,383
11,30,4,72,60,374
11,30,7,72,75,362
11,30,10,72,90,308
11,30,13,90,0,372
11,30,18,90,15,370
11,30,21,90,30,370
11,30,24,90,45,375
11,30,27,90,60,370
11,30,30,90,75,349
11,30,33,90,90,287
11,30,36,108,0,353
11,30,41,108,15,360
11,30,44,108,30,361
11,30,47,108,45,361
11,30,50,108,60,355
11,30,53,108,75,335
11,30,56,108,90,273
11,30,59,126,0,282
11,31,4,126,15,306
11,31,7,126,30,327
11,31,10,126,45,333
11,31,13,126,60,327
11,31,16,126,75,308
11,31,19,126,90,262
11,31,22,144,0,162
11,31,26,144,15,185
11,31,29,144,30,216
11,31,32,144,45,246
11,31,35,144,60,262
11,31,38,144,75,266
11,31,41,144,90,255
11,31,44,162,0,132
11,31,49,162,15,126
11,31,52,162,30,125
11,31,55,162,45,152
11,31,58,162,60,189
11,32,1,162,75,226
11,32,4,162,90,249
11,32,7,180,0,128
11,32,12,180,15,123
11,32,15,180,30,117
11,32,18,180,45,111
11,32,21,180,60,136
11,32,24,180,75,189
11,32,27,180,90,249
11,37,42,0,0,318
11,37,46,0,15,349
11,37,49,0,30,356
11,37,52,0,45,362
11,37,55,0,60,358
11,37,58,0,75,356
11,38,1,0,90,330
11,38,4,18,0,371
11,38,9,18,15,381
11,38,12,18,30,382
11,38,15,18,45,379
11,38,18,18,60,371
11,38,21,18,75,362
11,38,24,18,90,328
11,38,27,36,0,379
11,38,32,36,15,382
11,38,35,36,30,381
11,38,38,36,45,379
11,38,41,36,60,369
11,38,44,36,75,357
11,38,47,36,90,316
11,38,50,54,0,382
11,38,55,54,15,388
11,38,58,54,30,385
11,39,1,54,45,382
11,39,4,54,60,378
11,39,7,54,75,364
11,39,10,54,90,311
11,39,13,72,0,379
11,39,18,72,15,380
11,39,21,72,30,380
11,39,24,72,45,377
11,39,27,72,60,370
11,39,30,72,75,352
11,39,33,72,90,284
11,39,36,90,0,366
11,39,41,90,15,371
11,39,44,90,30,368
11,39,47,90,45,368
11,39,50,90,60,360
11,39,53,90,75,338
11,39,56,90,90,261
11,40,4,108,15,0
11,40,7,108,30,353
11,40,10,108,45,353
11,40,13,108,60,346
11,40,16,108,75,329
11,40,19,108,90,268
11,40,22,126,0,282
11,40,27,126,15,297
11,40,30,126,30,311
11,40,33,126,45,329
11,40,36,126,60,326
11,40,39,126,75,311
11,40,42,126,90,263
11,40,45,144,0,177
11,40,50,144,15,204
11,40,53,144,30,237
11,40,56,144,45,261
11,40,59,144,60,273
11,41,2,144,75,271
11,41,5,144,90,253
11,41,8,162,0,128
11,41,12,162,15,120
11,41,15,162,30,127
11,41,18,162,45,159
11,41,21,162,60,198
11,41,24,162,75,236
11,41,27,162,90,254
11,41,30,180,0,125
11,41,35,180,15,116
11,41,38,180,30,108
11,41,41,180,45,101
11,41,44,180,60,131
11,41,47,180,75,175
11,41,50,180,90,229
11,47,5,0,0,276
11,47,9,0,15,323
11,47,12,0,30,342
11,47,15,0,45,351
11,47,18,0,60,345
11,47,21,0,75,334
11,47,24,0,90,297
11,47,27,18,0,364
11,47,32,18,15,375
11,47,35,18,30,375
11,47,38,18,45,374
11,47,41,18,60,366
11,47,44,18,75,353
11,47,47,18,90,296
11,47,50,36,0,379
11,47,55,36,15,384
11,47,58,36,30,381
11,48,1,36,45,379
11,48,4,36,60,367
11,48,7,36,75,344
11,48,10,36,90,262
11,48,13,54,0,368
11,48,18,54,15,376
11,48,21,54,30,379
11,48,24,54,45,378
11,48,27,54,60,365
11,48,30,54,75,348
11,48,33,54,90,271
11,48,36,72,0,369
11,48,41,72,15,373
11,48,44,72,30,369
11,48,47,72,45,367
11,48,50,72,60,354
11,48,53,72,75,333
11,48,56,72,90,254
11,48,59,90,0,362
11,49,4,90,15,356
11,49,7,90,30,352
11,49,10,90,45,352
11,49,13,90,60,342
11,49,16,90,75,323
11,49,19,90,90,242
11,49,22,108,0,331
11,49,27,108,15,344
11,49,30,108,30,351
11,49,33,108,45,350
11,49,36,108,60,340
11,49,39,108,75,310
11,49,42,108,90,236
11,49,45,126,0,279
11,49,50,126,15,300
11,49,53,126,30,315
11,49,56,126,45,320
11,49,59,126,60,304
11,50,2,126,75,274
11,50,5,126,90,220
11,50,8,144,0,159
11,50,13,144,15,183
11,50,16,144,30,210
11,50,19,144,45,232
11,50,22,144,60,240
11,50,25,144,75,235
11,50,28,144,90,211
11,50,31,162,0,105
11,50,35,162,15,97
11,50,38,162,30,112
11,50,41,162,45,140
11,50,44,162,60,172
11,50,47,162,75,198
11,50,50,162,90,211
11,50,53,180,0,101
11,50,58,180,15,90
11,51,1,180,30,79
11,51,4,180,45,70
11,51,7,180,60,107
11,51,10,180,75,154
11,51,13,180,90,201
11,56,28,0,0,272
11,56,32,0,15,329
11,56,35,0,30,334
11,56,38,0,45,341
11,56,47,0,90,0
11,56,50,18,0,357
11,56,55,18,15,369
11,57,7,18,75,0
11,57,10,18,90,314
11,57,13,36,0,368
11,57,18,36,15,371
11,57,21,36,30,368
11,57,24,36,45,373
11,57,27,36,60,363
11,57,30,36,75,351
11,57,33,36,90,286
11,57,36,54,0,372
11,57,41,54,15,377
11,57,44,54,30,379
11,57,47,54,45,376
11,57,50,54,60,368
11,57,53,54,75,355
11,57,56,54,90,284
11,57,59,72,0,378
11,58,4,72,15,378
11,58,7,72,30,379
11,58,10,72,45,372
11,58,13,72,60,359
11,58,16,72,75,336
11,58,19,72,90,257
11,58,22,90,0,367
11,58,27,90,15,370
11,58,30,90,30,368
11,58,33,90,45,377
11,58,36,90,60,363
11,58,39,90,75,337
11,58,42,90,90,250
11,58,45,108,0,344
11,58,50,108,15,356
11,58,53,108,30,357
11,58,56,108,45,355
11,58,59,108,60,343
11,59,2,108,75,313
11,59,5,108,90,236
11,59,8,126,0,286
11,59,13,126,15,298
11,59,16,126,30,306
11,59,19,126,45,304
11,59,22,126,60,284
11,59,25,126,75,253
11,59,28,126,90,202
11,59,31,144,0,152
11,59,36,144,15,173
11,59,39,144,30,197
11,59,42,144,45,219
11,59,45,144,60,229
11,59,48,144,75,231
11,59,51,144,90,212
11,59,54,162,0,100
11,59,59,162,15,96
12,0,1,162,30,115
12,0,4,162,45,149
12,0,7,162,60,176
12,0,10,162,75,198
12,0,13,162,90,206
12,0,16,180,0,97
12,0,21,180,15,87
12,0,24,180,30,76
12,0,27,180,45,73
12,0,30,180,60,114
12,0,33,180,75,162
12,0,36,180,90,208
12,5,51,0,0,247
12,5,55,0,15,287
12,5,58,0,30,306
12,6,1,0,45,316
12,6,4,0,60,321
12,6,7,0,75,302
12,6,10,0,90,265
12,6,13,18,0,335
12,6,18,18,15,347
12,6,21,18,30,350
12,6,24,18,45,349
12,6,27,18,60,338
12,6,30,18,75,317
12,6,33,18,90,258
12,6,36,36,0,354
12,6,41,36,15,359
12,6,44,36,30,362
12,6,47,36,45,361
12,6,50,36,60,353
12,6,53,36,75,333
12,6,56,36,90,267
12,6,59,54,0,367
12,7,4,54,15,372
12,7,7,54,30,370
12,7,10,54,45,368
12,7,13,54,60,360
12,7,16,54,75,336
12,7,19,54,90,261
12,7,22,72,0,366
12,7,27,72,15,368
12,7,30,72,30,368
12,7,33,72,45,368
12,7,36,72,60,359
12,7,39,72,75,326
12,7,42,72,90,221
12,7,45,90,0,314
12,7,50,90,15,322
12,7,53,90,30,316
12,7,56,90,45,306
12,7,59,90,60,275
12,8,2,90,75,233
12,8,5,90,90,174
12,8,8,108,0,296
12,8,13,108,15,345
12,8,16,108,30,358
12,8,19,108,45,349
12,8,22,108,60,333
12,8,25,108,75,279
12,8,28,108,90,202
12,8,31,126,0,261
12,8,36,126,15,277
12,8,39,126,30,287
12,8,42,126,45,309
12,8,45,126,60,306
12,8,48,126,75,264
12,8,51,126,90,199
12,8,54,144,0,164
12,9,2,144,30,0
12,9,5,144,45,229
12,9,8,144,60,242
12,9,11,144,75,239
12,9,14,144,90,215
12,9,17,162,0,100
12,9,22,162,15,102
12,9,25,162,30,127
12,9,28,162,45,158
12,9,31,162,60,186
12,9,34,162,75,207
12,9,37,162,90,213
12,9,40,180,0,99
12,9,44,180,15,87
12,9,47,180,30,75
12,9,50,180,45,80
12,9,53,180,60,124
12,9,56,180,75,169
12,9,59,180,90,207
12,15,14,0,0,241
12,15,18,0,15,284
12,15,21,0,30,313
12,15,24,0,45,324
12,15,27,0,60,324
12,15,30,0,75,317
12,15,33,0,90,286
12,15,36,18,0,347
12,15,41,18,15,359
12,15,44,18,30,362
12,15,47,18,45,363
12,15,50,18,60,356
12,15,53,18,75,342
12,15,56,18,90,292
12,15,59,36,0,370
12,16,4,36,15,376
12,16,7,36,30,376
12,16,10,36,45,374
12,16,13,36,60,369
12,16,16,36,75,353
12,16,19,36,90,293
12,16,22,54,0,378
12,16,27,54,15,385
12,16,30,54,30,383
12,16,33,54,45,380
12,16,36,54,60,372
12,16,39,54,75,359
12,16,42,54,90,285
12,16,45,72,0,379
12,16,50,72,15,383
12,16,53,72,30,380
12,16,56,72,45,378
12,16,59,72,60,369
12,17,2,72,75,353
12,17,5,72,90,275
12,17,8,90,0,366
12,17,13,90,15,372
12,17,16,90,30,373
12,17,19,90,45,374
12,17,22,90,60,366
12,17,25,90,75,344
12,17,28,90,90,256
12,17,31,108,0,349
12,17,36,108,15,357
12,17,39,108,30,366
12,17,42,108,45,360
12,17,45,108,60,346
12,17,48,108,75,319
12,17,51,108,90,240
12,17,54,126,0,320
12,17,59,126,15,335
12,18,2,126,30,343
12,18,5,126,45,344
12,18,8,126,60,332
12,18,11,126,75,304
12,18,14,126,90,236
12,18,17,144,0,215
12,18,22,144,15,244
12,18,25,144,30,267
12,18,28,144,45,281
12,18,31,144,60,281
12,18,34,144,75,266
12,18,37,144,90,227
12,18,40,162,0,104
12,18,44,162,15,117
12,18,47,162,30,143
12,18,50,162,45,173
12,18,53,162,60,198
12,18,56,162,75,214
12,18,59,162,90,212
12,19,2,180,0,98
12,19,7,180,15,85
12,19,10,180,30,73
12,19,13,180,45,90
12,19,16,180,60,135
12,19,19,180,75,176
12,19,22,180,90,212
12,24,37,0,0,205
12,24,41,0,15,251
12,24,44,0,30,283
12,24,47,0,45,298
12,24,50,0,60,306
12,24,53,0,75,298
12,24,56,0,90,274
12,24,59,18,0,329
12,25,4,18,15,344
12,25,7,18,30,349
12,25,10,18,45,349
12,25,13,18,60,342
12,25,16,18,75,326
12,25,19,18,90,278
12,25,22,36,0,353
12,25,27,36,15,363
12,25,30,36,30,365
12,25,33,36,45,365
12,25,36,36,60,357
12,25,39,36,75,340
12,25,42,36,90,278
12,25,45,54,0,366
12,25,50,54,15,372
12,25,53,54,30,374
12,25,56,54,45,373
12,25,59,54,60,363
12,26,5,54,90,0
12,26,8,72,0,359
12,26,13,72,15,367
12,26,16,72,30,365
12,26,19,72,45,361
12,26,22,72,60,354
12,26,25,72,75,335
12,26,28,72,90,251
12,26,31,90,0,340
12,26,36,90,15,357
12,26,39,90,30,356
12,26,42,90,45,361
12,26,45,90,60,351
12,26,48,90,75,331
12,26,51,90,90,249
12,26,54,108,0,342
12,26,59,108,15,350
12,27,2,108,30,351
12,27,5,108,45,347
12,27,8,108,60,336
12,27,11,108,75,314
12,27,14,108,90,236
12,27,17,126,0,312
12,27,22,126,15,330
12,27,25,126,30,335
12,27,28,126,45,334
12,27,31,126,60,324
12,27,34,126,75,288
12,27,37,126,90,225
12,27,40,144,0,216
12,27,45,144,15,241
12,27,48,144,30,263
12,27,51,144,45,275
12,27,54,144,60,273
12,27,57,144,75,257
12,28,0,144,90,221
12,28,3,162,0,108
12,28,8,162,15,125
12,28,10,162,30,151
12,28,13,162,45,181
12,28,17,162,60,203
12,28,20,162,75,216
12,28,23,162,90,211
12,28,26,180,0,89
12,28,30,180,15,77
12,28,33,180,30,67
12,28,36,180,45,88
12,28,39,180,60,130
12,28,42,180,75,170
12,28,45,180,90,203
12,34,0,0,0,185
12,34,4,0,15,227
12,34,7,0,30,260
12,34,10,0,45,281
12,34,13,0,60,296
12,34,16,0,75,296
12,34,19,0,90,274
12,34,22,18,0,308
12,34,27,18,15,336
12,34,30,18,30,347
12,34,33,18,45,346
12,34,36,18,60,340
12,34,39,18,75,325
12,34,42,18,90,273
12,34,45,36,0,352
12,34,50,36,15,361
12,34,53,36,30,364
12,34,56,36,45,364
12,34,59,36,60,358
12,35,2,36,75,340
12,35,5,36,90,277
12,35,8,54,0,364
12,35,13,54,15,371
12,35,16,54,30,371
12,35,19,54,45,368
12,35,22,54,60,361
12,35,25,54,75,339
12,35,28,54,90,261
12,35,31,72,0,355
12,35,36,72,15,366
12,35,39,72,30,366
12,35,42,72,45,363
12,35,45,72,60,354
12,35,48,72,75,329
12,35,51,72,90,243
12,35,54,90,0,349
12,35,59,90,15,355
12,36,2,90,30,356
12,36,5,90,45,355
12,36,8,90,60,343
12,36,11,90,75,315
12,36,14,90,90,234
12,36,17,108,0,344
12,36,22,108,15,346
12,36,25,108,30,351
12,36,28,108,45,348
12,36,31,108,60,339
12,36,34,108,75,306
12,36,37,108,90,225
12,36,40,126,0,323
12,36,45,126,15,337
12,36,48,126,30,345
12,36,51,126,45,343
12,36,54,126,60,334
12,36,57,126,75,305
12,37,0,126,90,233
12,37,3,144,0,244
12,37,8,144,15,268
12,37,11,144,30,288
12,37,14,144,45,296
12,37,17,144,60,289
12,37,20,144,75,269
12,37,23,144,90,223
12,37,26,162,0,122
12,37,31,162,15,142
12,37,34,162,30,171
12,37,37,162,45,202
12,37,40,162,60,219
12,37,43,162,75,225
12,37,46,162,90,215
12,37,49,180,0,93
12,37,57,180,30,0
12,37,59,180,45,112
12,38,2,180,60,153
12,38,5,180,75,186
12,38,8,180,90,212
12,43,23,0,0,163
12,43,27,0,15,205
12,43,30,0,30,244
12,43,33,0,45,274
12,43,36,0,60,291
12,43,39,0,75,297
12,43,42,0,90,280
12,43,45,18,0,302
12,43,50,18,15,333
12,43,53,18,30,345
12,43,56,18,45,349
12,43,59,18,60,343
12,44,2,18,75,324
12,44,5,18,90,277
12,44,8,36,0,353
12,44,13,36,15,363
12,44,16,36,30,367
12,44,19,36,45,366
12,44,22,36,60,360
12,44,25,36,75,341
12,44,28,36,90,281
12,44,31,54,0,362
12,44,36,54,15,365
12,44,39,54,30,367
12,44,42,54,45,368
12,44,45,54,60,360
12,44,48,54,75,342
12,44,51,54,90,270
12,44,54,72,0,355
12,44,59,72,15,366
12,45,2,72,30,367
12,45,5,72,45,362
12,45,8,72,60,355
12,45,11,72,75,334
12,45,14,72,90,258
12,45,17,90,0,349
12,45,22,90,15,363
12,45,25,90,30,360
12,45,28,90,45,363
12,45,31,90,60,356
12,45,34,90,75,333
12,45,37,90,90,246
12,45,40,108,0,350
12,45,45,108,15,353
12,45,48,108,30,349
12,45,51,108,45,349
12,45,54,108,60,339
12,45,57,108,75,318
12,46,0,108,90,238
12,46,3,126,0,321
12,46,8,126,15,335
12,46,11,126,30,335
12,46,14,126,45,333
12,46,17,126,60,323
12,46,20,126,75,295
12,46,23,126,90,227
12,46,26,144,0,251
12,46,31,144,15,271
12,46,34,144,30,280
12,46,37,144,45,286
12,46,40,144,60,286
12,46,43,144,75,265
12,46,46,144,90,217
12,46,49,162,0,134
12,46,54,162,15,157
12,46,57,162,30,186
12,47,0,162,45,212
12,47,3,162,60,226
12,47,6,162,75,228
12,47,9,162,90,212
12,47,12,180,0,89
12,47,17,180,15,78
12,47,20,180,30,85
12,47,23,180,45,116
12,47,26,180,60,153
12,47,29,180,75,184
12,47,32,180,90,205
12,52,46,0,0,147
12,52,50,0,15,187
12,52,53,0,30,225
12,52,56,0,45,255
12,52,59,0,60,274
12,53,2,0,75,281
12,53,5,0,90,270
12,53,8,18,0,282
12,53,13,18,15,321
12,53,16,18,30,336
12,53,19,18,45,339
12,53,22,18,60,335
12,53,25,18,75,323
12,53,28,18,90,277
12,53,31,36,0,344
12,53,36,36,15,357
12,53,39,36,30,360
12,53,42,36,45,362
12,53,45,36,60,355
12,53,48,36,75,338
12,53,51,36,90,280
12,53,54,54,0,360
12,53,59,54,15,370
12,54,2,54,30,367
12,54,5,54,45,366
12,54,8,54,60,362
12,54,11,54,75,341
12,54,14,54,90,272
12,54,17,72,0,355
12,54,22,72,15,363
12,54,25,72,30,365
12,54,28,72,45,364
12,54,31,72,60,354
12,54,34,72,75,339
12,54,37,72,90,257
12,54,40,90,0,351
12,54,45,90,15,359
12,54,48,90,30,360
12,54,54,90,60,0
12,54,57,90,75,326
12,55,0,90,90,242
12,55,3,108,0,344
12,55,8,108,15,354
12,55,11,108,30,353
12,55,14,108,45,356
12,55,17,108,60,349
12,55,20,108,75,324
12,55,23,108,90,236
12,55,26,126,0,331
12,55,31,126,15,340
12,55,34,126,30,344
12,55,37,126,45,347
12,55,40,126,60,335
12,55,43,126,75,305
12,55,46,126,90,225
12,55,49,144,0,266
12,55,54,144,15,292
12,55,57,144,30,306
12,56,0,144,45,309
12,56,3,144,60,299
12,56,6,144,75,268
12,56,9,144,90,215
12,56,12,162,0,143
12,56,17,162,15,168
12,56,20,162,30,195
12,56,23,162,45,218
12,56,26,162,60,225
12,56,29,162,75,224
12,56,32,162,90,202
12,56,35,180,0,81
12,56,40,180,15,74
12,56,43,180,30,89
12,56,46,180,45,121
12,56,49,180,60,152
12,56,52,180,75,180
12,56,55,180,90,195
13,2,9,0,0,129
13,2,13,0,15,162
13,2,16,0,30,204
13,2,19,0,45,237
13,2,22,0,60,261
13,2,25,0,75,273
13,2,28,0,90,264
13,2,31,18,0,264
13,2,36,18,15,304
13,2,39,18,30,323
13,2,42,18,45,328
13,2,45,18,60,324
13,2,48,18,75,305
13,2,51,18,90,266
13,2,54,36,0,339
13,2,59,36,15,353
13,3,2,36,30,358
13,3,5,36,45,358
13,3,8,36,60,347
13,3,11,36,75,325
13,3,14,36,90,260
13,3,17,54,0,353
13,3,22,54,15,366
13,3,25,54,30,366
13,3,28,54,45,366
13,3,31,54,60,358
13,3,34,54,75,339
13,3,37,54,90,266
13,3,40,72,0,358
13,3,45,72,15,362
13,3,48,72,30,364
13,3,51,72,45,361
13,3,54,72,60,357
13,3,57,72,75,339
13,4,0,72,90,260
13,4,3,90,0,348
13,4,8,90,15,359
13,4,11,90,30,364
13,4,14,90,45,361
13,4,17,90,60,351
13,4,20,90,75,335
13,4,23,90,90,250
13,4,26,108,0,347
13,4,31,108,15,359
13,4,34,108,30,353
13,4,37,108,45,353
13,4,40,108,60,345
13,4,43,108,75,321
13,4,46,108,90,234
13,4,49,126,0,331
13,4,54,126,15,338
13,4,57,126,30,346
13,5,0,126,45,347
13,5,3,126,60,335
13,5,6,126,75,306
13,5,9,126,90,227
13,5,12,144,0,287
13,5,17,144,15,307
13,5,20,144,30,320
13,5,23,144,45,318
13,5,26,144,60,305
13,5,29,144,75,275
13,5,32,144,90,217
13,5,35,162,0,162
13,5,40,162,15,187
13,5,43,162,30,214
13,5,46,162,45,234
13,5,49,162,60,241
13,5,52,162,75,233
13,5,55,162,90,206
13,5,58,180,0,81
13,6,3,180,15,80
13,6,6,180,30,102
13,6,9,180,45,132
13,6,12,180,60,161
13,6,15,180,75,184
13,6,18,180,90,193
13,11,36,0,15,0
13,11,39,0,30,189
13,11,42,0,45,224
13,11,45,0,60,250
13,11,48,0,75,266
13,11,51,0,90,262
13,11,54,18,0,248
13,11,59,18,15,293
13,12,2,18,30,316
13,12,5,18,45,326
13,12,8,18,60,322
13,12,11,18,75,307
13,12,14,18,90,271
13,12,17,36,0,323
13,12,22,36,15,342
13,12,25,36,30,351
13,12,28,36,45,350
13,12,31,36,60,345
13,12,34,36,75,328
13,12,37,36,90,270
13,12,40,54,0,349
13,12,45,54,15,353
13,12,48,54,30,358
13,12,51,54,45,358
13,12,54,54,60,353
13,12,57,54,75,330
13,13,0,54,90,264
13,13,3,72,0,358
13,13,8,72,15,362
13,13,11,72,30,367
13,13,14,72,45,370
13,13,17,72,60,361
13,13,20,72,75,339
13,13,23,72,90,258
13,13,26,90,0,349
13,13,31,90,15,358
13,13,34,90,30,360
13,13,37,90,45,362
13,13,40,90,60,351
13,13,43,90,75,333
13,13,46,90,90,249
13,13,49,108,0,351
13,13,54,108,15,362
13,13,57,108,30,362
13,14,0,108,45,360
13,14,3,108,60,348
13,14,6,108,75,323
13,14,9,108,90,233
13,14,12,126,0,336
13,14,17,126,15,336
13,14,20,126,30,343
13,14,23,126,45,343
13,14,26,126,60,333
13,14,29,126,75,301
13,14,32,126,90,219
13,14,35,144,0,292
13,14,40,144,15,309
13,14,43,144,30,321
13,14,46,144,45,323
13,14,49,144,60,310
13,14,52,144,75,276
13,14,55,144,90,214
13,14,58,162,0,176
13,15,3,162,15,0
13,15,6,162,30,222
13,15,9,162,45,240
13,15,12,162,60,240
13,15,15,162,75,229
13,15,18,162,90,197
13,15,21,180,0,79
13,15,26,180,15,84
13,15,29,180,30,108
13,15,32,180,45,137
13,15,35,180,60,164
13,15,38,180,75,184
13,15,41,180,90,189
13,20,55,0,0,121
13,20,59,0,15,141
13,21,2,0,30,177
13,21,5,0,45,215
13,21,8,0,60,243
13,21,11,0,75,265
13,21,14,0,90,270
13,21,17,18,0,242
13,21,22,18,15,286
13,21,25,18,30,313
13,21,28,18,45,325
13,21,31,18,60,323
13,21,34,18,75,308
13,21,37,18,90,273
13,21,40,36,0,332
13,21,45,36,15,351
13,21,48,36,30,356
13,21,51,36,45,354
13,21,54,36,60,348
13,21,57,36,75,331
13,22,0,36,90,273
13,22,3,54,0,348
13,22,8,54,15,353
13,22,11,54,30,357
13,22,14,54,45,357
13,22,17,54,60,349
13,22,20,54,75,331
13,22,23,54,90,260
13,22,26,72,0,349
13,22,31,72,15,358
13,22,34,72,30,363
13,22,37,72,45,363
13,22,40,72,60,354
13,22,43,72,75,328
13,22,46,72,90,249
13,22,49,90,0,344
13,22,54,90,15,359
13,22,57,90,30,362
13,23,0,90,45,358
13,23,3,90,60,352
13,23,6,90,75,331
13,23,9,90,90,241
13,23,12,108,0,342
13,23,17,108,15,351
13,23,20,108,30,354
13,23,23,108,45,355
13,23,26,108,60,344
13,23,29,108,75,320
13,23,32,108,90,229
13,23,35,126,0,338
13,23,40,126,15,344
13,23,43,126,30,351
13,23,46,126,45,347
13,23,49,126,60,335
13,23,52,126,75,305
13,23,55,126,90,219
13,23,58,144,0,303
13,24,3,144,15,316
13,24,6,144,30,324
13,24,9,144,45,325
13,24,12,144,60,309
13,24,15,144,75,274
13,24,18,144,90,209
13,24,21,162,0,193
13,24,26,162,15,216
13,24,29,162,30,236
13,24,32,162,45,250
13,24,35,162,60,247
13,24,38,162,75,232
13,24,41,162,90,198
13,24,44,180,0,88
13,24,49,180,15,102
13,24,52,180,30,126
13,24,55,180,45,152
13,24,58,180,60,174
13,25,1,180,75,188
13,25,4,180,90,184
13,30,18,0,0,110
13,30,22,0,15,128
13,30,25,0,30,161
13,30,28,0,45,199
13,30,31,0,60,230
13,30,34,0,75,253
13,30,37,0,90,259
13,30,40,18,0,221
13,30,45,18,15,266
13,30,48,18,30,293
13,30,51,18,45,307
13,30,54,18,60,309
13,30,57,18,75,297
13,31,0,18,90,267
13,31,3,36,0,319
13,31,8,36,15,341
13,31,11,36,30,345
13,31,14,36,45,345
13,31,17,36,60,340
13,31,20,36,75,323
13,31,23,36,90,269
13,31,26,54,0,347
13,31,31,54,15,354
13,31,34,54,30,360
13,31,37,54,45,355
13,31,40,54,60,349
13,31,43,54,75,332
13,31,46,54,90,262
13,31,49,72,0,351
13,31,54,72,15,358
13,31,57,72,30,358
13,32,0,72,45,358
13,32,3,72,60,348
13,32,6,72,75,329
13,32,9,72,90,251
13,32,12,90,0,345
13,32,17,90,15,354
13,32,20,90,30,363
13,32,23,90,45,368
13,32,26,90,60,361
13,32,29,90,75,335
13,32,32,90,90,245
13,32,35,108,0,360
13,32,40,108,15,360
13,32,43,108,30,360
13,32,46,108,45,360
13,32,49,108,60,342
13,32,52,108,75,322
13,32,55,108,90,231
13,32,58,126,0,335
13,33,3,126,15,342
13,33,6,126,30,350
13,33,9,126,45,347
13,33,12,126,60,337
13,33,15,126,75,304
13,33,18,126,90,220
13,33,21,144,0,310
13,33,26,144,15,320
13,33,29,144,30,325
13,33,32,144,45,329
13,33,35,144,60,314
13,33,38,144,75,277
13,33,41,144,90,212
13,33,44,162,0,216
13,33,49,162,15,239
13,33,52,162,30,256
13,33,55,162,45,265
13,33,58,162,60,259
13,34,1,162,75,242
13,34,4,162,90,203
13,34,7,180,0,102
13,34,12,180,15,117
13,34,15,180,30,139
13,34,18,180,45,161
13,34,21,180,60,181
13,34,24,180,75,191
13,34,27,180,90,189
13,39,41,0,0,68
13,39,45,0,15,73
13,39,48,0,30,86
13,39,51,0,45,95
13,39,54,0,60,103
13,39,57,0,75,104
13,40,0,0,90,100
13,40,3,18,0,80
13,40,8,18,15,90
13,40,11,18,30,98
13,40,14,18,45,103
13,40,17,18,60,107
13,40,20,18,75,106
13,40,23,18,90,102
13,40,26,36,0,113
13,40,31,36,15,127
13,40,34,36,30,136
13,40,37,36,45,138
13,40,40,36,60,131
13,40,43,36,75,117
13,40,46,36,90,100
13,40,49,54,0,124
13,40,54,54,15,133
13,40,57,54,30,134
13,41,0,54,45,129
13,41,3,54,60,121
13,41,6,54,75,107
13,41,9,54,90,89
13,41,12,72,0,113
13,41,17,72,15,117
13,41,20,72,30,121
13,41,23,72,45,119
13,41,26,72,60,114
13,41,29,72,75,101
13,41,32,72,90,84
13,41,35,90,0,107
13,41,40,90,15,113
13,41,43,90,30,119
13,41,46,90,45,119
13,41,49,90,60,113
13,41,52,90,75,99
13,41,55,90,90,83
13,41,58,108,0,109
13,42,3,108,15,117
13,42,6,108,30,124
13,42,9,108,45,126
13,42,12,108,60,122
13,42,15,108,75,109
13,42,18,108,90,91
13,42,21,126,0,114
13,42,26,126,15,119
13,42,29,126,30,124
13,42,32,126,45,127
13,42,35,126,60,126
13,42,38,126,75,116
13,42,41,126,90,98
13,42,44,144,0,101
13,42,49,144,15,102
13,42,52,144,30,106
13,42,55,144,45,105
13,42,58,144,60,106
13,43,1,144,75,101
13,43,4,144,90,92
13,43,7,162,0,72
13,43,12,162,15,76
13,43,15,162,30,85
13,43,18,162,45,97
13,43,21,162,60,115
13,43,24,162,75,134
13,43,27,162,90,138
13,43,30,180,0,91
13,43,35,180,15,112
13,43,38,180,30,137
13,43,41,180,45,165
13,43,44,180,60,195
13,43,47,180,75,215
13,43,50,180,90,213
13,49,5,0,0,107
13,49,8,0,15,107
13,49,11,0,30,138
13,49,14,0,45,172
13,49,17,0,60,209
13,49,20,0,75,241
13,49,23,0,90,255
13,49,26,18,0,181
13,49,31,18,15,221
13,49,34,18,30,252
13,49,37,18,45,271
13,49,40,18,60,278
13,49,43,18,75,276
13,49,46,18,90,256
13,49,49,36,0,276
13,49,54,36,15,310
13,49,57,36,30,320
13,50,0,36,45,326
13,50,3,36,60,316
13,50,6,36,75,296
13,50,9,36,90,257
13,50,12,54,0,325
13,50,17,54,15,330
13,50,20,54,30,337
13,50,23,54,45,337
13,50,26,54,60,327
13,50,29,54,75,305
13,50,32,54,90,242
13,50,35,72,0,340
13,50,40,72,15,351
13,50,43,72,30,351
13,50,46,72,45,352
13,50,49,72,60,344
13,50,52,72,75,324
13,50,55,72,90,246
13,50,58,90,0,344
13,51,3,90,15,360
13,51,6,90,30,363
13,51,9,90,45,359
13,51,12,90,60,348
13,51,15,90,75,327
13,51,18,90,90,238
13,51,21,108,0,347
13,51,26,108,15,360
13,51,29,108,30,358
13,51,32,108,45,354
13,51,35,108,60,342
13,51,38,108,75,314
13,51,41,108,90,225
13,51,44,126,0,335
13,51,49,126,15,345
13,51,52,126,30,347
13,51,55,126,45,345
13,51,58,126,60,329
13,52,1,126,75,285
13,52,4,126,90,207
13,52,7,144,0,296
13,52,12,144,15,310
13,52,15,144,30,318
13,52,18,144,45,310
13,52,21,144,60,291
13,52,24,144,75,256
13,52,27,144,90,195
13,52,30,162,0,202
13,52,35,162,15,221
13,52,38,162,30,237
13,52,41,162,45,253
13,52,47,162,75,0
13,52,50,162,90,191
13,52,53,180,0,114
13,52,58,180,15,128
13,53,1,180,30,142
13,53,4,180,45,155
13,53,7,180,60,158
13,53,10,180,75,156
13,53,13,180,90,152
13,58,28,0,0,78
13,58,31,0,15,77
13,58,34,0,30,89
13,58,37,0,45,99
13,58,40,0,60,108
13,58,43,0,75,112
13,58,46,0,90,112
13,58,49,18,0,81
13,58,54,18,15,93
13,58,57,18,30,103
13,59,0,18,45,109
13,59,3,18,60,113
13,59,6,18,75,112
13,59,9,18,90,107
13,59,12,36,0,96
13,59,17,36,15,107
13,59,20,36,30,116
13,59,23,36,45,120
13,59,26,36,60,121
13,59,29,36,75,115
13,59,32,36,90,107
13,59,35,54,0,110
13,59,40,54,15,119
13,59,43,54,30,128
13,59,46,54,45,129
13,59,49,54,60,128
13,59,52,54,75,119
13,59,55,54,90,107
13,59,58,72,0,117
14,0,3,72,15,124
14,0,6,72,30,132
14,0,9,72,45,131
14,0,12,72,60,129
14,0,15,72,75,120
14,0,18,72,90,106
14,0,21,90,0,118
14,0,26,90,15,125
14,0,29,90,30,132
14,0,32,90,45,132
14,0,35,90,60,130
14,0,38,90,75,119
14,0,41,90,90,103
14,0,44,108,0,111
14,0,49,108,15,122
14,0,52,108,30,129
14,0,55,108,45,127
14,0,58,108,60,124
14,1,1,108,75,116
14,1,4,108,90,101
14,1,7,126,0,106
14,1,12,126,15,111
14,1,15,126,30,118
14,1,18,126,45,118
14,1,21,126,60,0
14,1,24,126,75,111
14,1,27,126,90,99
14,1,30,144,0,91
14,1,35,144,15,97
14,1,38,144,30,106
14,1,41,144,45,109
14,1,44,144,60,111
14,1,47,144,75,107
14,1,50,144,90,100
14,1,53,162,0,72
14,1,58,162,15,80
14,2,1,162,30,89
14,2,4,162,45,94
14,2,7,162,60,101
14,2,10,162,75,100
14,2,13,162,90,98
14,2,16,180,0,55
14,2,21,180,15,61
14,2,24,180,30,72
14,2,27,180,45,82
14,2,30,180,60,92
14,2,33,180,75,97
14,2,36,180,90,100
14,7,51,0,0,66
14,7,54,0,15,64
14,7,57,0,30,73
14,8,0,0,45,92
14,8,3,0,60,116
14,8,6,0,75,140
14,8,9,0,90,158
14,8,12,18,0,106
14,8,17,18,15,124
14,8,20,18,30,144
14,8,23,18,45,153
14,8,26,18,60,160
14,8,29,18,75,159
14,8,32,18,90,154
14,8,35,36,0,152
14,8,40,36,15,175
14,8,43,36,30,198
14,8,46,36,45,215
14,8,49,36,60,217
14,8,52,36,75,207
14,8,55,36,90,183
14,8,58,54,0,238
14,9,3,54,15,261
14,9,6,54,30,269
14,9,9,54,45,263
14,9,12,54,60,251
14,9,15,54,75,237
14,9,18,54,90,195
14,9,21,72,0,320
14,9,26,72,15,331
14,9,29,72,30,331
14,9,32,72,45,323
14,9,35,72,60,284
14,9,38,72,75,225
14,9,41,72,90,160
14,9,44,90,0,231
14,9,49,90,15,217
14,9,52,90,30,195
14,9,58,90,60,0
14,10,1,90,75,129
14,10,4,90,90,105
14,10,7,108,0,173
14,10,12,108,15,189
14,10,15,108,30,192
14,10,18,108,45,174
14,10,21,108,60,149
14,10,24,108,75,120
14,10,27,108,90,91
14,10,30,126,0,127
14,10,35,126,15,134
14,10,38,126,30,139
14,10,41,126,45,137
14,10,44,126,60,127
14,10,47,126,75,110
14,10,50,126,90,86
14,10,53,144,0,107
14,10,58,144,15,113
14,11,1,144,30,117
14,11,4,144,45,116
14,11,7,144,60,110
14,11,10,144,75,98
14,11,13,144,90,82
14,11,16,162,0,81
14,11,21,162,15,85
14,11,24,162,30,93
14,11,27,162,45,91
14,11,30,162,60,91
14,11,33,162,75,83
14,11,36,162,90,75
14,11,39,180,0,52
14,11,44,180,15,61
14,11,47,180,30,70
14,11,50,180,45,72
14,11,53,180,60,77
14,11,56,180,75,76
14,11,59,180,90,74
14,17,14,0,0,107
14,17,17,0,15,92
14,17,20,0,30,95
14,17,23,0,45,127
14,17,26,0,60,169
14,17,29,0,75,211
14,17,32,0,90,244
14,17,35,18,0,141
14,17,40,18,15,170
14,17,43,18,30,200
14,17,46,18,45,225
14,17,49,18,60,242
14,17,52,18,75,253
14,17,55,18,90,248
14,17,58,36,0,250
14,18,3,36,15,293
14,18,6,36,30,314
14,18,9,36,45,320
14,18,12,36,60,313
14,18,15,36,75,293
14,18,18,36,90,253
14,18,21,54,0,320
14,18,26,54,15,341
14,18,29,54,30,348
14,18,35,54,60,0
14,18,38,54,75,315
14,18,41,54,90,247
14,18,44,72,0,341
14,18,49,72,15,349
14,18,52,72,30,350
14,18,55,72,45,354
14,18,58,72,60,346
14,19,1,72,75,327
14,19,4,72,90,246
14,19,7,90,0,352
14,19,12,90,15,359
14,19,15,90,30,364
14,19,18,90,45,367
14,19,21,90,60,356
14,19,24,90,75,345
14,19,27,90,90,247
14,19,30,108,0,357
14,19,35,108,15,365
14,19,38,108,30,367
14,19,41,108,45,362
14,19,44,108,60,352
14,19,47,108,75,333
14,19,50,108,90,234
14,19,53,126,0,352
14,19,58,126,15,359
14,20,1,126,30,362
14,20,4,126,45,358
14,20,7,126,60,346
14,20,10,126,75,317
14,20,13,126,90,211
14,20,16,144,0,319
14,20,21,144,15,318
14,20,24,144,30,299
14,20,27,144,45,251
14,20,30,144,60,203
14,20,33,144,75,172
14,20,36,144,90,138
14,20,39,162,0,192
14,20,44,162,15,213
14,20,47,162,30,224
14,20,50,162,45,236
14,20,53,162,60,232
14,20,56,162,75,215
14,20,59,162,90,172
14,21,2,180,0,169
14,21,7,180,15,190
14,21,10,180,30,213
14,21,13,180,45,231
14,21,16,180,60,228
14,21,19,180,75,209
14,21,22,180,90,174
14,26,37,0,0,95
14,26,40,0,15,76
14,26,43,0,30,69
14,26,46,0,45,92
14,26,49,0,60,136
14,26,52,0,75,175
14,26,55,0,90,208
14,26,58,18,0,117
14,27,3,18,15,140
14,27,6,18,30,167
14,27,9,18,45,0
14,27,12,18,60,207
14,27,15,18,75,223
14,27,18,18,90,221
14,27,21,36,0,206
14,27,26,36,15,242
14,27,29,36,30,263
14,27,32,36,45,275
14,27,35,36,60,274
14,27,38,36,75,259
14,27,41,36,90,228
14,27,44,54,0,307
14,27,49,54,15,328
14,27,52,54,30,338
14,27,55,54,45,337
14,27,58,54,60,328
14,28,1,54,75,294
14,28,4,54,90,229
14,28,7,72,0,334
14,28,12,72,15,358
14,28,15,72,30,361
14,28,18,72,45,360
14,28,21,72,60,348
14,28,24,72,75,310
14,28,27,72,90,221
14,28,30,90,0,353
14,28,35,90,15,363
14,28,38,90,30,361
14,28,41,90,45,360
14,28,44,90,60,350
14,28,47,90,75,311
14,28,50,90,90,211
14,28,53,108,0,362
14,28,58,108,15,362
14,29,1,108,30,363
14,29,4,108,45,359
14,29,7,108,60,346
14,29,10,108,75,305
14,29,13,108,90,199
14,29,16,126,0,343
14,29,21,126,15,353
14,29,24,126,30,355
14,29,27,126,45,351
14,29,30,126,60,338
14,29,33,126,75,290
14,29,36,126,90,187
14,29,39,144,0,336
14,29,44,144,15,343
14,29,47,144,30,347
14,29,50,144,45,342
14,29,53,144,60,321
14,29,56,144,75,263
14,29,59,144,90,171
14,30,2,162,0,279
14,30,7,162,15,295
14,30,10,162,30,301
14,30,13,162,45,294
14,30,16,162,60,270
14,30,19,162,75,223
14,30,22,162,90,157
14,30,25,180,0,163
14,30,30,180,15,180
14,30,33,180,30,189
14,30,36,180,45,0
14,30,39,180,60,189
14,30,42,180,75,171
14,30,45,180,90,0
14,36,0,0,0,86
14,36,3,0,15,68
14,36,6,0,30,58
14,36,9,0,45,73
14,36,12,0,60,121
14,36,15,0,75,0
14,36,18,0,90,202
14,36,21,18,0,100
14,36,26,18,15,0
14,36,29,18,30,151
14,36,32,18,45,0
14,36,35,18,60,192
14,36,38,18,75,206
14,36,41,18,90,210
14,36,44,36,0,193
14,36,49,36,15,223
14,36,52,36,30,245
14,36,55,36,45,257
14,36,58,36,60,256
14,37,1,36,75,242
14,37,4,36,90,212
14,37,7,54,0,290
14,37,12,54,15,318
14,37,15,54,30,322
14,37,18,54,45,317
14,37,27,54,90,0
14,37,30,72,0,315
14,37,35,72,15,334
14,37,38,72,30,339
14,37,41,72,45,335
14,37,44,72,60,321
14,37,47,72,75,269
14,37,50,72,90,192
14,37,53,90,0,332
14,37,58,90,15,349
14,38,1,90,30,350
14,38,4,90,45,348
14,38,7,90,60,327
14,38,10,90,75,273
14,38,13,90,90,182
14,38,16,108,0,345
14,38,21,108,15,353
14,38,24,108,30,353
14,38,27,108,45,343
14,38,30,108,60,323
14,38,33,108,75,265
14,38,36,108,90,170
14,38,39,126,0,343
14,38,44,126,15,348
14,38,47,126,30,349
14,38,50,126,45,343
14,38,53,126,60,323
14,38,56,126,75,262
14,38,59,126,90,167
14,39,2,144,0,325
14,39,7,144,15,337
14,39,10,144,30,0
14,39,13,144,45,328
14,39,16,144,60,296
14,39,19,144,75,240
14,39,22,144,90,156
14,39,25,162,0,263
14,39,30,162,15,285
14,39,33,162,30,286
14,39,36,162,45,274
14,39,39,162,60,244
14,39,42,162,75,199
14,39,45,162,90,141
14,39,48,180,0,163
14,39,53,180,15,177
14,39,56,180,30,184
14,39,59,180,45,188
14,40,2,180,60,180
14,40,5,180,75,163
14,40,8,180,90,133
14,45,23,0,0,88
14,45,26,0,15,70
14,45,29,0,30,57
14,45,32,0,45,59
14,45,35,0,60,105
14,45,38,0,75,154
14,45,41,0,90,195
14,45,44,18,0,94
14,45,49,18,15,106
14,45,52,18,30,133
14,45,55,18,45,158
14,45,58,18,60,181
14,46,1,18,75,201
14,46,4,18,90,209
14,46,7,36,0,185
14,46,12,36,15,198
14,46,15,36,30,131
14,46,18,36,45,231
14,46,21,36,60,292
14,46,24,36,75,191
14,46,27,36,90,172
14,46,30,54,0,108
14,46,35,54,15,159
14,46,38,54,30,213
14,46,41,54,45,105
